{
  "notebook": "53_boost_rent",
  "generated_at": "2026-04-25T22:53:38",
  "target_col": "log_precio",
  "random_state": 42,
  "test_size": 0.2,
  "cv_folds": 5,
  "min_muni_obs": 10,
  "optuna_trials": 100,
  "base_features": [
    "superficie_construida_m2",
    "numero_dormitorios",
    "numero_banos",
    "planta_num",
    "es_exterior_piso",
    "tiene_ascensor_piso",
    "tiene_garaje",
    "obra_nueva",
    "distancia_min_playa_km",
    "distancia_min_supermercado_km",
    "distancia_min_colegio_km",
    "interaccion_planta_sin_ascensor_piso",
    "distancia_centro_municipio_km",
    "score_cercania_servicios",
    "tipologia_unificada_piso",
    "tipologia_unificada_unifamiliar"
  ],
  "xgb_params": {
    "n_estimators": 962,
    "max_depth": 4,
    "learning_rate": 0.014822599377963932,
    "subsample": 0.7067172942609928,
    "colsample_bytree": 0.5183256429375686,
    "min_child_weight": 2,
    "reg_lambda": 8.30220900347487,
    "reg_alpha": 0.0011392773182910022,
    "gamma": 0.04803719866132008
  },
  "optuna_best_trial": 62,
  "optuna_cv_rmse": 0.14791,
  "test_rmse": 0.15489,
  "test_r2": 0.59922,
  "mun_means_sale": {
    "Ampuero": 1740.2435337494142,
    "Barcena de Cicero": 2109.3799835937116,
    "Camargo": 2288.655985408572,
    "Castro-Urdiales": 2686.8780359295897,
    "Colindres": 2152.991636689458,
    "Cudon": 2525.550266571053,
    "El Astillero": 1968.4640939461292,
    "Guarnizo": 1640.156820843757,
    "Laredo": 2808.7097998920085,
    "Liendo": 1840.5742659778327,
    "Limpias": 2224.734778110691,
    "Marina de Cudeyo": 2171.0512849931,
    "Miengo": 2734.1905799894894,
    "Mogro": 3608.4131176559777,
    "Noja": 3416.4515885767737,
    "Ortuella": 3286.568684815636,
    "Piélagos": 2545.3032032802334,
    "Polanco": 2052.824173383772,
    "Ribamontan al Mar": 3888.491790850399,
    "Ribamontan al Monte": 2662.630147347417,
    "Santa Cruz de Bezana": 2571.643119763394,
    "Santander": 3308.5864049426864,
    "Santoña": 2286.5795020789096,
    "Santurtzi": 3318.570472243837,
    "Suances": 3188.0632652006043,
    "Torrelavega": 1812.5810214189858,
    "Villaescusa": 1880.4708496659682,
    "Viveda": 2345.2244847507745,
    "Voto": 2081.923483734031,
    "otro": 2228.0918733763933
  },
  "mun_global_mean_sale": 2791.0113175355054
}