{
  "notebook": "53_boost_rent",
  "generated_at": "2026-04-25T19:19:47",
  "target_col": "log_precio",
  "random_state": 42,
  "test_size": 0.2,
  "cv_folds": 5,
  "iqr_factor": 1.5,
  "min_muni_obs": 10,
  "optuna_trials": 100,
  "precio_m2_vacacional_umbral": 18.0,
  "precio_m2_min_umbral": 6.0,
  "base_features": [
    "superficie_construida_m2",
    "numero_dormitorios",
    "numero_banos",
    "planta_num",
    "es_exterior_piso",
    "tiene_ascensor_piso",
    "tiene_garaje",
    "obra_nueva",
    "distancia_min_playa_km",
    "distancia_min_supermercado_km",
    "distancia_min_colegio_km",
    "precio_m2_municipio_media",
    "interaccion_planta_sin_ascensor_piso",
    "distancia_centro_municipio_km",
    "score_cercania_servicios",
    "tipologia_unificada_piso",
    "tipologia_unificada_unifamiliar"
  ],
  "xgb_params": {
    "n_estimators": 950,
    "max_depth": 5,
    "learning_rate": 0.021639503203847887,
    "subsample": 0.516431205966294,
    "colsample_bytree": 0.9777336007526262,
    "min_child_weight": 4,
    "reg_lambda": 0.8605398859942308,
    "reg_alpha": 0.2531793209678454,
    "gamma": 0.027237788114543138
  },
  "optuna_best_trial": 66,
  "optuna_cv_rmse": 0.14969,
  "test_rmse": 0.14622,
  "test_r2": 0.61026,
  "mun_means_sale": {
    "Ampuero": 1431.1515931190593,
    "Barcena de Cicero": 1950.9284968023005,
    "Camargo": 2186.683851919792,
    "Castro-Urdiales": 2637.4429694264572,
    "Colindres": 2070.726291963777,
    "Cudon": 2525.550266571053,
    "El Astillero": 1788.4795908560184,
    "Guarnizo": 1527.1098956774722,
    "Laredo": 2765.7192033235647,
    "Liendo": 1481.3697231981268,
    "Limpias": 2017.59875010173,
    "Marina de Cudeyo": 1979.5685837287408,
    "Miengo": 2635.015199829016,
    "Mogro": 3608.4131176559777,
    "Noja": 3320.166661256931,
    "Ortuella": 3286.568684815636,
    "Piélagos": 2510.365988406397,
    "Polanco": 1853.6141602026134,
    "Ribamontan al Mar": 3532.9463460309107,
    "Ribamontan al Monte": 2662.630147347417,
    "Santa Cruz de Bezana": 2479.3907313148643,
    "Santander": 3260.131230956431,
    "Santillana del Mar": 1598.6900277604643,
    "Santoña": 2134.5213332947906,
    "Santurtzi": 3318.570472243837,
    "Suances": 3083.07095100816,
    "Torrelavega": 1716.5741398718544,
    "Villaescusa": 1608.4752126334008,
    "Viveda": 2283.8800201124523,
    "Voto": 1704.8921681391262,
    "otro": 1904.5363313746607
  },
  "mun_global_mean_sale": 2668.51101016537
}