{
  "notebook": "53_boost_sale_optuna",
  "generated_at": "2026-05-13T08:52:36",
  "target_col": "log_precio",
  "random_state": 42,
  "test_size": 0.2,
  "cv_folds": 5,
  "min_muni_obs": 10,
  "optuna_trials": 100,
  "base_features": [
    "superficie_construida_m2",
    "numero_dormitorios",
    "numero_banos",
    "planta_num",
    "es_exterior_piso",
    "tiene_ascensor_piso",
    "tiene_garaje",
    "obra_nueva",
    "distancia_min_playa_km",
    "distancia_min_supermercado_km",
    "distancia_min_colegio_km",
    "precio_m2_municipio_media",
    "interaccion_planta_sin_ascensor_piso",
    "distancia_centro_municipio_km",
    "score_cercania_servicios",
    "tipologia_unificada_piso",
    "tipologia_unificada_unifamiliar"
  ],
  "xgb_params": {
    "n_estimators": 1000,
    "max_depth": 7,
    "learning_rate": 0.012144278135361338,
    "subsample": 0.6586720837240191,
    "colsample_bytree": 0.8255269184092968,
    "min_child_weight": 4,
    "reg_lambda": 0.559036725832902,
    "reg_alpha": 0.554110039059858,
    "gamma": 0.005187403899303554
  },
  "optuna_best_trial": 76,
  "optuna_cv_rmse": 0.23397,
  "test_rmse": 0.23625,
  "test_r2": 0.82947,
  "mun_means_sale": {
    "Ampuero": 1829.219773749797,
    "Barcena de Cicero": 2178.0744498854074,
    "Camargo": 2231.6526614442073,
    "Castro-Urdiales": 2692.865269349153,
    "Colindres": 2256.5196431064833,
    "Cudon": 2516.544394040514,
    "El Astillero": 1892.057476167696,
    "Guarnizo": 1593.0415516742332,
    "Laredo": 2824.1997497048587,
    "Liendo": 1864.8430030512523,
    "Limpias": 2258.7379022593386,
    "Marina de Cudeyo": 2138.2285115440654,
    "Miengo": 2881.3337542053832,
    "Mogro": 3594.7874802719584,
    "Noja": 3416.4515885767737,
    "Ortuella": 3201.536024198626,
    "Piélagos": 2575.5681909796294,
    "Polanco": 2067.9595568682835,
    "Ribamontan al Mar": 3803.6415940070274,
    "Ribamontan al Monte": 2742.365305775902,
    "Santa Cruz de Bezana": 2606.863118585535,
    "Santander": 3326.958246323328,
    "Santoña": 2337.5858868847963,
    "Santurtzi": 3454.969996078292,
    "Suances": 3220.8652882816123,
    "Torrelavega": 1860.6539141876672,
    "Villaescusa": 1930.7172830858592,
    "Viveda": 2246.6943616709377,
    "Voto": 2075.74601645002,
    "otro": 2331.3656013022996
  },
  "mun_global_mean_sale": 2811.191116785011
}