{
  "notebook": "53_boost_sale_optuna",
  "generated_at": "2026-04-25T19:22:43",
  "target_col": "log_precio",
  "random_state": 42,
  "test_size": 0.2,
  "cv_folds": 5,
  "iqr_factor": 1.5,
  "min_muni_obs": 10,
  "optuna_trials": 100,
  "precio_m2_min": 1000,
  "base_features": [
    "superficie_construida_m2",
    "numero_dormitorios",
    "numero_banos",
    "planta_num",
    "es_exterior_piso",
    "tiene_ascensor_piso",
    "tiene_garaje",
    "obra_nueva",
    "distancia_min_playa_km",
    "distancia_min_supermercado_km",
    "distancia_min_colegio_km",
    "precio_m2_municipio_media",
    "interaccion_planta_sin_ascensor_piso",
    "distancia_centro_municipio_km",
    "score_cercania_servicios",
    "tipologia_unificada_piso",
    "tipologia_unificada_unifamiliar"
  ],
  "xgb_params": {
    "n_estimators": 900,
    "max_depth": 6,
    "learning_rate": 0.020553587852536564,
    "subsample": 0.5264334329539994,
    "colsample_bytree": 0.7318249946224543,
    "min_child_weight": 10,
    "reg_lambda": 0.8177721852044747,
    "reg_alpha": 0.06586981860132578,
    "gamma": 0.005943293906438439
  },
  "optuna_best_trial": 31,
  "optuna_cv_rmse": 0.2405,
  "test_rmse": 0.23708,
  "test_r2": 0.8328,
  "mun_means_sale": {
    "Ampuero": 1745.3502147315153,
    "Barcena de Cicero": 2109.6378972086964,
    "Camargo": 2278.4714898717216,
    "Castro-Urdiales": 2691.539227358613,
    "Colindres": 2155.492070363747,
    "Cudon": 2483.500441478506,
    "El Astillero": 1978.8536872947147,
    "Guarnizo": 1613.016307241238,
    "Laredo": 2875.7796006226654,
    "Liendo": 1864.3144137303923,
    "Limpias": 2220.9383394926804,
    "Marina de Cudeyo": 2239.132697767619,
    "Miengo": 2724.7342017141004,
    "Mogro": 3719.023667613524,
    "Noja": 3470.1285244255923,
    "Ortuella": 3177.2304686430703,
    "Piélagos": 2573.761428013875,
    "Polanco": 2046.9853271582526,
    "Ribamontan al Mar": 3782.3625226136355,
    "Ribamontan al Monte": 2586.8799869903623,
    "Santa Cruz de Bezana": 2604.9861347814954,
    "Santander": 3316.468607051823,
    "Santillana del Mar": 2968.211984094337,
    "Santoña": 2340.6159703001836,
    "Santurtzi": 3297.3164669335283,
    "Suances": 3228.3661954846134,
    "Torrelavega": 1761.003179391798,
    "Villaescusa": 1726.3688272866655,
    "Viveda": 2319.746933225852,
    "Voto": 2057.1774168088496,
    "otro": 2176.8590328799246
  },
  "mun_global_mean_sale": 2793.3328262887107
}